id,content_type,filename,size,tags,description,page_id,parent_id,thumbnail,width,height,db_file_id
12,image/jpeg,bruno.jpg,25304,imágen_principal,,10,,,228,393,
13,image/jpeg,bruno_thumb.jpg,25304,,,,12,thumb,99,170,
14,image/jpeg,cazador.jpg,31626,imágen_principal,,3,,,228,374,
15,image/jpeg,cazador_thumb.jpg,31626,,,,14,thumb,104,170,
16,image/jpeg,diario.jpg,34117,imágen_principal,,2,,,228,380,
17,image/jpeg,diario_thumb.jpg,34117,,,,16,thumb,102,170,
18,image/jpeg,gente_rara.jpg,13884,imágen_principal,,13,,,228,355,
19,image/jpeg,gente_rara_thumb.jpg,13884,,,,18,thumb,109,170,
20,image/jpeg,la_selva.jpg,25284,imágen_principal,,14,,,228,379,
21,image/jpeg,la_selva_thumb.jpg,25284,,,,20,thumb,102,170,
22,image/jpeg,tuga.jpg,26840,imágen_principal,,15,,,228,392,
23,image/jpeg,tuga_thumb.jpg,26840,,,,22,thumb,99,170,
24,image/jpeg,Los_poemas.jpg,21787,imágen_principal,,16,,,228,372,
25,image/jpeg,Los_poemas_thumb.jpg,21787,,,,24,thumb,104,170,
40,image/pjpeg,IMG_0306.jpg,14126,imágen_principal,,18,,,235,314,
41,image/pjpeg,IMG_0306_thumb.jpg,14126,,,,40,thumb,127,170,
52,image/pjpeg,Formas_16_gato_saltando.jpg,4823,imágen_principal,,20,,,228,106,
53,image/pjpeg,Formas_16_gato_saltando_thumb.jpg,4823,,,,52,thumb,366,170,
54,image/pjpeg,pi.jpg,13386,imágen_principal,,5,,,168,240,
55,image/pjpeg,pi_thumb.jpg,13386,,,,54,thumb,119,170,
70,image/jpeg,Para_biografia_3.jpg,26258,imágen_principal,,19,,,252,355,
71,image/jpeg,Para_biografia_3_thumb.jpg,26258,,,,70,thumb,121,170,
74,image/pjpeg,Esqueleto_para_mi_bio_con_libro.jpg,12812,imágen_principal,,21,,,247,416,
75,image/pjpeg,Esqueleto_para_mi_bio_con_libro_thumb.jpg,12812,,,,74,thumb,101,170,
92,image/pjpeg,Bruno_interior.JPG,13805,imágen_principal,,11,,,228,344,
93,image/pjpeg,Bruno_interior_thumb.JPG,13805,,,,92,thumb,113,170,
96,image/pjpeg,3333_2.jpg,24103,imágen_principal,,24,,,232,372,
97,image/pjpeg,3333_2_thumb.jpg,24103,,,,96,thumb,106,170,
102,image/pjpeg,ojo_de_nube_esp.jpg,26629,imágen_principal,,26,,,239,372,
103,image/pjpeg,ojo_de_nube_esp_thumb.jpg,26629,,,,102,thumb,109,170,
104,image/pjpeg,Diario_recort.jpg,12985,imágen_principal,,12,,,200,198,
105,image/pjpeg,Diario_recort_thumb.jpg,12985,,,,104,thumb,172,170,
106,image/pjpeg,Los_zorros.jpg,28632,imágen_principal,,28,,,236,372,
107,image/pjpeg,Los_zorros_thumb.jpg,28632,,,,106,thumb,108,170,
108,image/pjpeg,La_isla.jpg,18702,imágen_principal,,29,,,225,372,
109,image/pjpeg,La_isla_thumb.jpg,18702,,,,108,thumb,103,170,
110,image/pjpeg,Zigurat.jpg,30512,imágen_principal,,30,,,270,372,
111,image/pjpeg,Zigurat_thumb.jpg,30512,,,,110,thumb,123,170,
112,image/pjpeg,zigurat_int2.jpg,26047,imágen_principal,,31,,,423,296,
113,image/pjpeg,zigurat_int2_thumb.jpg,26047,,,,112,thumb,243,170,
114,image/pjpeg,3333_int.jpg,13047,imágen_principal,,32,,,203,200,
115,image/pjpeg,3333_int_thumb.jpg,13047,,,,114,thumb,173,170,
116,image/pjpeg,cazador-galego.jpg,14583,imágen_principal,,33,,,200,204,
117,image/pjpeg,cazador-galego_thumb.jpg,14583,,,,116,thumb,167,170,
118,image/pjpeg,cazador-catalá.jpg,14616,imágen_principal,,34,,,200,217,
119,image/pjpeg,cazador-catalá_thumb.jpg,14616,,,,118,thumb,157,170,
120,image/pjpeg,estrellas-persa.jpg,35096,imágen_principal,,35,,,310,440,
121,image/pjpeg,estrellas-persa_thumb.jpg,35096,,,,120,thumb,120,170,
122,image/pjpeg,F_sahara.jpg,42032,imágen_principal,,36,,,310,500,
123,image/pjpeg,F_sahara_thumb.jpg,42032,,,,122,thumb,105,170,
124,image/pjpeg,Hoja.JPG,31757,imágen_principal,,9,,,167,300,
125,image/pjpeg,Hoja_thumb.JPG,31757,,,,124,thumb,95,170,
126,image/pjpeg,ojo_de_nube_fr.jpg,23675,imágen_principal,,38,,,238,372,
127,image/pjpeg,ojo_de_nube_fr_thumb.jpg,23675,,,,126,thumb,109,170,
132,image/pjpeg,b_adultos.jpg,5614,imágen_principal,,40,,,150,372,
133,image/pjpeg,b_adultos_thumb.jpg,5614,,,,132,thumb,69,170,
134,image/pjpeg,Poemas-aldecoa.jpg,22048,imágen_principal,,41,,,273,372,
135,image/pjpeg,Poemas-aldecoa_thumb.jpg,22048,,,,134,thumb,125,170,
136,image/pjpeg,algo_aldecoa.jpg,23976,imágen_principal,,42,,,276,372,
137,image/pjpeg,algo_aldecoa_thumb.jpg,23976,,,,136,thumb,126,170,
140,image/pjpeg,b_alfaguara.jpg,7390,imágen_principal,,44,,,150,372,
141,image/pjpeg,b_alfaguara_thumb.jpg,7390,,,,140,thumb,69,170,
150,image/pjpeg,blank1.jpg,747,imágen_principal,,45,,,228,20,
151,image/pjpeg,blank1_thumb.jpg,747,,,,150,thumb,1938,170,
152,image/pjpeg,blank1.jpg,2067,imágen_principal,,46,,,228,372,
153,image/pjpeg,blank1_thumb.jpg,2067,,,,152,thumb,104,170,
154,image/pjpeg,blank1.jpg,2067,imágen_principal,,47,,,228,372,
155,image/pjpeg,blank1_thumb.jpg,2067,,,,154,thumb,104,170,
156,image/pjpeg,b_edelvives.jpg,7532,imágen_principal,,48,,,150,372,
157,image/pjpeg,b_edelvives_thumb.jpg,7532,,,,156,thumb,69,170,
158,image/pjpeg,b_sm.jpg,5661,imágen_principal,,49,,,150,372,
159,image/pjpeg,b_sm_thumb.jpg,5661,,,,158,thumb,69,170,
160,image/pjpeg,blank1.jpg,2067,imágen_principal,,50,,,228,372,
161,image/pjpeg,blank1_thumb.jpg,2067,,,,160,thumb,104,170,
164,image/pjpeg,b_sm_especial.jpg,9103,imágen_principal,,51,,,228,372,
165,image/pjpeg,b_sm_especial_thumb.jpg,9103,,,,164,thumb,104,170,
166,image/pjpeg,capa13.jpg,15489,imágen_principal,,52,,,291,197,
167,image/pjpeg,capa13_thumb.jpg,15489,,,,166,thumb,251,170,
172,image/pjpeg,Bruno2.jpg,32459,imágen_principal,,56,,,226,372,
173,image/pjpeg,Bruno2_thumb.jpg,32459,,,,172,thumb,103,170,
174,image/pjpeg,Mundo1.jpg,18656,imágen_principal,,55,,,233,240,
175,image/pjpeg,Mundo1_thumb.jpg,18656,,,,174,thumb,165,170,
178,image/pjpeg,caiman_capítulo1b.jpg,37784,imágen_principal,,57,,,408,306,
179,image/pjpeg,caiman_capítulo1b_thumb.jpg,37784,,,,178,thumb,227,170,
180,image/pjpeg,versos_madera.jpg,29333,imágen_principal,,58,,,283,416,
181,image/pjpeg,versos_madera_thumb.jpg,29333,,,,180,thumb,116,170,
188,image/jpeg,por_la_lectura.jpg,24890,imágen_principal,,60,,,261,372,
189,image/jpeg,por_la_lectura_thumb.jpg,24890,,,,188,thumb,119,170,
224,image/jpeg,libro_7.jpg,338671,imágen_principal,,72,,,1716,1208,
225,image/jpeg,libro_7_thumb.jpg,338671,,,,224,thumb,241,170,
228,image/jpeg,Leyendo_1.JPG,28895,imágen_principal,,74,,,239,372,
229,image/jpeg,Leyendo_1_thumb.JPG,28895,,,,228,thumb,109,170,
264,image/gif,medellin1.gif,144196,imágen_principal,,81,,,508,380,
265,image/gif,medellin1_thumb.png,144196,,,,264,thumb,227,170,
268,image/png,mundonumeros.png,52103,imágen_principal,,79,,,253,372,
269,image/png,mundonumeros_thumb.png,52103,,,,268,thumb,116,170,
270,image/png,cienciaperiquete.png,48615,imágen_principal,,78,,,255,372,
271,image/png,cienciaperiquete_thumb.png,48615,,,,270,thumb,117,170,
272,image/png,arenanovela03.png,59440,imágen_principal,,70,,,291,400,
273,image/png,arenanovela03_thumb.png,59440,,,,272,thumb,124,170,
274,image/png,tuga1.png,104612,imágen_principal,,63,,,250,392,
275,image/png,tuga1_thumb.png,104612,,,,274,thumb,108,170,
276,image/png,laselva1.png,104267,imágen_principal,,62,,,254,392,
277,image/png,laselva1_thumb.png,104267,,,,276,thumb,110,170,
278,image/png,tuga4.png,55353,imágen_principal,,77,,,536,226,
279,image/png,tuga4_thumb.png,55353,,,,278,thumb,403,170,
280,image/png,garzas01.png,52718,imágen_principal,,69,,,127,400,
281,image/png,garzas01_thumb.png,52718,,,,280,thumb,54,170,
282,image/png,diario.png,82734,imágen_principal,,68,,,269,390,
283,image/png,diario_thumb.png,82734,,,,282,thumb,117,170,
284,image/png,cazador03.png,86310,imágen_principal,,71,,,345,390,
285,image/png,cazador03_thumb.png,86310,,,,284,thumb,150,170,
286,image/png,cazador02.png,120647,imágen_principal,,67,,,411,370,
287,image/png,cazador02_thumb.png,120647,,,,286,thumb,189,170,
288,image/png,los-zorros-interior.png,80316,imágen_principal,,66,,,240,378,
289,image/png,los-zorros-interior_thumb.png,80316,,,,288,thumb,108,170,
290,image/png,laisla01.png,68655,imágen_principal,,65,,,258,400,
291,image/png,laisla01_thumb.png,68655,,,,290,thumb,110,170,
292,image/png,genterara2.png,93451,imágen_principal,,64,,,260,372,
293,image/png,genterara2_thumb.png,93451,,,,292,thumb,119,170,
294,image/png,ojodenube_HR_03.png,100384,imágen_principal,,61,,,230,392,
295,image/png,ojodenube_HR_03_thumb.png,100384,,,,294,thumb,100,170,
296,image/png,arena5.png,164492,imágen_principal,,53,,,383,369,
297,image/png,arena5_thumb.png,164492,,,,296,thumb,176,170,
298,image/png,paratextos.png,85151,imágen_principal,,37,,,400,300,
299,image/png,paratextos_thumb.png,85151,,,,298,thumb,227,170,
300,image/png,libro-7.png,82563,imágen_principal,,73,,,426,300,
301,image/png,libro-7_thumb.png,82563,,,,300,thumb,241,170,
302,image/png,LeerLeon4.png,68279,imágen_principal,,75,,,382,282,
303,image/png,LeerLeon4_thumb.png,68279,,,,302,thumb,230,170,
304,image/png,puerta.png,65905,imágen_principal,,76,,,347,260,
305,image/png,puerta_thumb.png,65905,,,,304,thumb,227,170,
306,image/png,medellin3.png,140160,imágen_principal,,80,,,419,380,
307,image/png,medellin3_thumb.png,140160,,,,306,thumb,187,170,
308,image/png,caracol1.png,35784,imágen_principal,,27,,,179,200,
309,image/png,caracol1_thumb.png,35784,,,,308,thumb,152,170,
324,image/jpeg,Cuentos_crudos.jpg,35171,imágen_principal,,22,,,380,350,
325,image/jpeg,Cuentos_crudos_thumb.jpg,35171,,,,324,thumb,185,170,
328,image/jpeg,Cuentos_crudos_fairuz.JPG,24921,imágen_principal,,83,,,275,300,
329,image/jpeg,Cuentos_crudos_fairuz_thumb.JPG,24921,,,,328,thumb,156,170,
334,image/jpeg,Cuentos_crudos_sahara.jpg,37065,imágen_principal,,84,,,650,210,
335,image/jpeg,Cuentos_crudos_sahara_thumb.jpg,37065,,,,334,thumb,526,170,
336,image/jpeg,ciencia_periquete_catalan.jpg,54491,imágen_principal,,85,,,254,374,
337,image/jpeg,ciencia_periquete_catalan_thumb.jpg,54491,,,,336,thumb,115,170,
338,image/jpeg,ciencia-brasileiro.jpg,48897,imágen_principal,,86,,,245,374,
339,image/jpeg,ciencia-brasileiro_thumb.jpg,48897,,,,338,thumb,111,170,
340,image/jpeg,ciencia-coreano.jpg,33304,imágen_principal,,87,,,253,374,
341,image/jpeg,ciencia-coreano_thumb.jpg,33304,,,,340,thumb,115,170,
342,image/jpeg,numeros-catalan.jpg,54546,imágen_principal,,88,,,254,374,
343,image/jpeg,numeros-catalan_thumb.jpg,54546,,,,342,thumb,115,170,
344,image/jpeg,selva_galego.jpg,45693,imágen_principal,,89,,,218,372,
345,image/jpeg,selva_galego_thumb.jpg,45693,,,,344,thumb,100,170,
348,image/jpeg,Dinosabios_SM2.jpg,61927,imágen_principal,,91,,,306,372,
349,image/jpeg,Dinosabios_SM2_thumb.jpg,61927,,,,348,thumb,140,170,
350,image/jpeg,Divulgativo_anaya_1º_eso.jpg,35279,imágen_principal,,92,,,293,374,
351,image/jpeg,Divulgativo_anaya_1º_eso_thumb.jpg,35279,,,,350,thumb,133,170,
352,image/jpeg,Divulgativo_anaya_1º_eso.jpg,35279,imágen_principal,,93,,,293,374,
353,image/jpeg,Divulgativo_anaya_1º_eso_thumb.jpg,35279,,,,352,thumb,133,170,
356,image/jpeg,Divulgativo_anaya_3º_eso.jpg,38666,imágen_principal,,94,,,308,374,
357,image/jpeg,Divulgativo_anaya_3º_eso_thumb.jpg,38666,,,,356,thumb,140,170,
368,image/jpeg,conpiracionespejos.jpg,51421,imágen_principal,,99,,,261,390,
369,image/jpeg,conpiracionespejos_thumb.jpg,51421,,,,368,thumb,114,170,
380,image/jpeg,sello_galois.jpeg,17824,extra,,95,,,383,250,
381,image/jpeg,sello_galois_thumb.jpeg,17824,,,,380,thumb,260,170,
402,image/jpeg,Divulgativo_anaya_2º_eso.jpg,43355,imágen_principal,,100,,,289,374,
403,image/jpeg,Divulgativo_anaya_2º_eso_thumb.jpg,43355,,,,402,thumb,131,170,
406,image/jpeg,Divulgativo_anaya_4_eso.jpg,40751,imágen_principal,,101,,,306,374,
407,image/jpeg,Divulgativo_anaya_4_eso_thumb.jpg,40751,,,,406,thumb,139,170,
412,image/jpeg,vidasueño_1_peq.jpg,41490,extra,,102,,,274,295,
413,image/jpeg,vidasueño_1_peq_thumb.jpg,41490,,,,412,thumb,158,170,
414,image/jpeg,noria.jpg,113179,extra,,95,,,400,299,
415,image/jpeg,noria_thumb.jpg,113179,,,,414,thumb,227,170,
418,image/png,estrellademar.png,81252,imágen_principal,,104,,,350,233,
419,image/png,estrellademar_thumb.png,81252,,,,418,thumb,255,170,
424,image/jpeg,Niño_observando.jpg,137298,extra,,104,,,409,300,
425,image/jpeg,Niño_observando_thumb.jpg,137298,,,,424,thumb,232,170,
426,image/jpeg,bubisher_niña.jpg,51925,extra,,9,,,320,180,
427,image/jpeg,bubisher_niña_thumb.jpg,51925,,,,426,thumb,302,170,
428,image/jpeg,7cc_tertulia_buho2.jpg,130815,imágen_principal,,105,,,284,400,
429,image/jpeg,7cc_tertulia_buho2_thumb.jpg,130815,,,,428,thumb,121,170,
432,image/jpeg,ccrudos_señor_man.JPG,44008,imágen_principal,,107,,,400,294,
433,image/jpeg,ccrudos_señor_man_thumb.JPG,44008,,,,432,thumb,231,170,
434,image/jpeg,Romeoyjulieta2.jpg,144638,imágen_principal,,103,,,307,420,
435,image/jpeg,Romeoyjulieta2_thumb.jpg,144638,,,,434,thumb,124,170,
436,image/jpeg,lce.jpg,150274,imágen_principal,,108,,,260,600,
437,image/jpeg,lce_thumb.jpg,150274,,,,436,thumb,74,170,
438,image/jpeg,ojodenube_especial.jpg,133783,imágen_principal,,106,,,269,405,
439,image/jpeg,ojodenube_especial_thumb.jpg,133783,,,,438,thumb,113,170,
440,image/jpeg,ojodenube_cazadores.jpg,108135,imágen_principal,,39,,,246,420,
441,image/jpeg,ojodenube_cazadores_thumb.jpg,108135,,,,440,thumb,100,170,
444,image/png,cazador01.png,88996,imágen_principal,,109,,,288,390,
445,image/png,cazador01_thumb.png,88996,,,,444,thumb,126,170,
454,image/jpeg,mats_2.jpg,151118,imágen_principal,,110,,,373,390,
455,image/jpeg,mats_2_thumb.jpg,151118,,,,454,thumb,163,170,
456,image/gif,mats_1.gif,78040,imágen_principal,,112,,,360,260,
457,image/gif,mats_1_thumb.png,78040,,,,456,thumb,235,170,
460,image/jpeg,libro_acoso_SM.jpg,96606,imágen_principal,,113,,,295,420,
461,image/jpeg,libro_acoso_SM_thumb.jpg,96606,,,,460,thumb,119,170,
462,image/jpeg,ODN_8.jpg,52876,imágen_principal,,114,,,225,300,
463,image/jpeg,ODN_8_thumb.jpg,52876,,,,462,thumb,128,170,
464,image/jpeg,ODN_1.jpg,46384,extra,,114,,,367,241,
465,image/jpeg,ODN_1_thumb.jpg,46384,,,,464,thumb,259,170,
466,image/jpeg,ODN_5.jpg,50801,extra,,114,,,400,300,
467,image/jpeg,ODN_5_thumb.jpg,50801,,,,466,thumb,227,170,
468,image/jpeg,ODN_3.jpg,62070,extra,,114,,,400,300,
469,image/jpeg,ODN_3_thumb.jpg,62070,,,,468,thumb,227,170,
470,image/jpeg,ODN_7.jpg,92022,extra,,114,,,451,300,
471,image/jpeg,ODN_7_thumb.jpg,92022,,,,470,thumb,256,170,
472,image/jpeg,ODN_4.jpg,57010,extra,,114,,,367,276,
473,image/jpeg,ODN_4_thumb.jpg,57010,,,,472,thumb,226,170,
476,image/jpeg,ODN_9.jpg,45487,extra,,114,,,225,300,
477,image/jpeg,ODN_9_thumb.jpg,45487,,,,476,thumb,128,170,
482,image/jpeg,P4260016.jpg,116619,imágen_principal,,115,,,258,420,
483,image/jpeg,P4260016_thumb.jpg,116619,,,,482,thumb,104,170,
488,image/jpeg,P3210203b.jpg,82042,imágen_principal,,116,,,270,420,
489,image/jpeg,P3210203b_thumb.jpg,82042,,,,488,thumb,109,170,
490,image/jpeg,340x.jpg,23380,imágen_principal,,117,,,340,462,
491,image/jpeg,340x_thumb.jpg,23380,,,,490,thumb,125,170,
492,image/jpeg,regalo_casaarabe.jpg,307374,extra,,117,,,659,420,
493,image/jpeg,regalo_casaarabe_thumb.jpg,307374,,,,492,thumb,267,170,
498,image/jpeg,P1000977c.jpg,57961,imágen_principal,,119,,,400,300,
499,image/jpeg,P1000977c_thumb.jpg,57961,,,,498,thumb,227,170,
500,image/jpeg,P1000977d.jpg,58118,extra,,119,,,400,300,
501,image/jpeg,P1000977d_thumb.jpg,58118,,,,500,thumb,227,170,
506,image/jpeg,oct2008.jpg,5611,extra,,8,,,120,115,
507,image/jpeg,oct2008_thumb.jpg,5611,,,,506,thumb,177,170,
508,image/jpeg,sept2008.jpg,5765,extra,,8,,,120,115,
509,image/jpeg,sept2008_thumb.jpg,5765,,,,508,thumb,177,170,
510,image/jpeg,mar2008.jpg,5433,extra,,8,,,120,115,
511,image/jpeg,mar2008_thumb.jpg,5433,,,,510,thumb,177,170,
512,image/jpeg,abr2007.jpg,5242,extra,,8,,,120,115,
513,image/jpeg,abr2007_thumb.jpg,5242,,,,512,thumb,177,170,
514,image/jpeg,dic2007.jpg,5712,extra,,8,,,120,115,
515,image/jpeg,dic2007_thumb.jpg,5712,,,,514,thumb,177,170,
516,image/jpeg,jun2006.jpg,5261,extra,,8,,,120,115,
517,image/jpeg,jun2006_thumb.jpg,5261,,,,516,thumb,177,170,
518,image/jpeg,mayo2005.jpg,5324,extra,,8,,,120,115,
519,image/jpeg,mayo2005_thumb.jpg,5324,,,,518,thumb,177,170,
520,image/jpeg,mayo2007.jpg,5175,extra,,8,,,120,115,
521,image/jpeg,mayo2007_thumb.jpg,5175,,,,520,thumb,177,170,
522,image/jpeg,oct2007.jpg,5461,extra,,8,,,120,115,
523,image/jpeg,oct2007_thumb.jpg,5461,,,,522,thumb,177,170,
524,image/jpeg,ojodenube_HR_08.jpg,89454,imágen_principal,,120,,,244,408,
525,image/jpeg,ojodenube_HR_08_thumb.jpg,89454,,,,524,thumb,102,170,
526,image/jpeg,8_maneras_SM_A.jpg,133285,imágen_principal,,121,,,312,420,
527,image/jpeg,8_maneras_SM_A_thumb.jpg,133285,,,,526,thumb,126,170,
530,image/jpeg,8_maneras_SM_C.jpg,179989,extra,,121,,,223,571,
531,image/jpeg,8_maneras_SM_C_thumb.jpg,179989,,,,530,thumb,66,170,
532,image/jpeg,mifoto_100.jpg,113943,imágen_principal,,122,,,425,392,
533,image/jpeg,mifoto_100_thumb.jpg,113943,,,,532,thumb,184,170,
540,image/jpeg,cubos.jpg,79695,imágen_principal,,123,,,218,400,
541,image/jpeg,cubos_thumb.jpg,79695,,,,540,thumb,93,170,
544,image/jpeg,cara.jpg,58554,extra,,123,,,243,400,
545,image/jpeg,cara_thumb.jpg,58554,,,,544,thumb,103,170,
546,image/jpeg,cara2.jpg,48133,imágen_principal,,124,,,212,420,
547,image/jpeg,cara2_thumb.jpg,48133,,,,546,thumb,86,170,
550,image/jpeg,mano1.jpg,102726,extra,,124,,,283,420,
551,image/jpeg,mano1_thumb.jpg,102726,,,,550,thumb,115,170,
552,image/jpeg,carab.jpg,50774,extra,,123,,,243,400,
553,image/jpeg,carab_thumb.jpg,50774,,,,552,thumb,103,170,
554,image/jpeg,carac.jpg,36640,extra,,123,,,243,400,
555,image/jpeg,carac_thumb.jpg,36640,,,,554,thumb,103,170,
566,image/jpeg,abencerraje_peq.jpg,80628,imágen_principal,,126,,,292,420,
567,image/jpeg,abencerraje_peq_thumb.jpg,80628,,,,566,thumb,118,170,
576,image/jpeg,dic2008.jpg,5635,extra,,8,,,120,115,
577,image/jpeg,dic2008_thumb.jpg,5635,,,,576,thumb,177,170,
580,image/jpeg,lectora.jpg,168863,imágen_principal,,1,,,600,410,
581,image/jpeg,lectora_thumb.jpg,168863,,,,580,thumb,249,170,
582,image/jpeg,amadis_peq.jpg,139900,imágen_principal,,128,,,295,420,
583,image/jpeg,amadis_peq_thumb.jpg,139900,,,,582,thumb,119,170,
584,image/jpeg,condelucanor_peq.jpg,99889,imágen_principal,,129,,,288,440,
585,image/jpeg,condelucanor_peq_thumb.jpg,99889,,,,584,thumb,111,170,
586,image/jpeg,P1010122.jpg,117237,imágen_principal,,130,,,306,420,
587,image/jpeg,P1010122_thumb.jpg,117237,,,,586,thumb,124,170,
594,image/jpeg,IMG_7778.jpg,101542,extra,,130,,,286,470,
595,image/jpeg,IMG_7778_thumb.jpg,101542,,,,594,thumb,103,170,
596,image/jpeg,P1010126.jpg,104934,extra,,130,,,247,420,
597,image/jpeg,P1010126_thumb.jpg,104934,,,,596,thumb,100,170,
598,image/jpeg,hoja.jpg,91727,extra,,130,,,257,400,
599,image/jpeg,hoja_thumb.jpg,91727,,,,598,thumb,109,170,
600,image/jpeg,P1011169.jpg,136377,imágen_principal,,131,,,290,420,
601,image/jpeg,P1011169_thumb.jpg,136377,,,,600,thumb,117,170,
602,image/jpeg,cuentas_estanquera2.jpg,35343,extra,,132,,,111,500,
603,image/jpeg,cuentas_estanquera2_thumb.jpg,35343,,,,602,thumb,38,170,
604,image/jpeg,Factura_supersol2.jpg,37288,extra,,132,,,183,350,
605,image/jpeg,Factura_supersol2_thumb.jpg,37288,,,,604,thumb,89,170,
608,image/jpeg,números_marquesina.jpg,36155,extra,,132,,,400,159,
609,image/jpeg,números_marquesina_thumb.jpg,36155,,,,608,thumb,428,170,
612,image/jpeg,mats_1.jpg,96131,extra,,132,,,360,260,
613,image/jpeg,mats_1_thumb.jpg,96131,,,,612,thumb,235,170,
614,image/jpeg,billete_tren.jpg,86641,extra,,132,,,356,200,
615,image/jpeg,billete_tren_thumb.jpg,86641,,,,614,thumb,303,170,
616,image/jpeg,telefono.jpg,114784,imágen_principal,,132,,,350,355,
617,image/jpeg,telefono_thumb.jpg,114784,,,,616,thumb,168,170,
618,image/jpeg,Circo_13b.jpg,71361,extra,,132,,,370,200,
619,image/jpeg,Circo_13b_thumb.jpg,71361,,,,618,thumb,315,170,
620,image/jpeg,jun2009.jpg,5229,extra,,8,,,120,115,
621,image/jpeg,jun2009_thumb.jpg,5229,,,,620,thumb,177,170,
622,image/jpeg,mar2009.jpg,5272,extra,,8,,,120,115,
623,image/jpeg,mar2009_thumb.jpg,5272,,,,622,thumb,177,170,
626,image/jpeg,lectora2.jpg,79110,imágen_principal,,133,,,192,250,
627,image/jpeg,lectora2_thumb.jpg,79110,,,,626,thumb,131,170,
632,image/jpeg,escritora.jpg,45282,extra,,133,,,200,233,
633,image/jpeg,escritora_thumb.jpg,45282,,,,632,thumb,146,170,
634,image/jpeg,Libros_002.jpg,16868,imágen_principal,,4,,,180,120,
635,image/jpeg,Libros_002_thumb.jpg,16868,,,,634,thumb,255,170,
640,image/jpeg,sahara01.jpg,45404,imágen_principal,,137,,,304,420,
641,image/jpeg,sahara01_thumb.jpg,12765,,,,640,thumb,123,170,
642,image/jpeg,Da_os.jpg,32476,imágen_principal,,43,,,252,372,
643,image/jpeg,Da_os_thumb.jpg,21185,,,,642,thumb,115,170,
644,image/jpeg,Caim_n_2.jpg,21898,imágen_principal,,23,,,230,372,
645,image/jpeg,Caim_n_2_thumb.jpg,19327,,,,644,thumb,105,170,
646,image/jpeg,Vida_sue_o_peq.jpg,69124,imágen_principal,,102,,,269,400,
647,image/jpeg,Vida_sue_o_peq_thumb.jpg,23715,,,,646,thumb,114,170,
648,image/jpeg,RyJ_pag1.jpg,214488,extra,,103,,,600,835,
649,image/jpeg,RyJ_pag1_thumb.jpg,30380,,,,648,thumb,122,170,
650,image/png,atlantico.png,114561,imágen_principal,,127,,,269,420,
651,image/png,atlantico_thumb.png,16719,,,,650,thumb,109,170,
654,image/jpeg,kafka1.jpg,31617,imágen_principal,,134,,,231,300,
655,image/jpeg,kafka1_thumb.jpg,14835,,,,654,thumb,131,170,
656,image/jpeg,separadornubes.jpg,20189,extra,,134,,,640,36,
657,image/jpeg,separadornubes_thumb.jpg,171067,,,,656,thumb,3022,170,
666,image/jpeg,bubisher_ni_a.jpg,51846,extra,,137,,,320,180,
667,image/jpeg,bubisher_ni_a_thumb.jpg,41630,,,,666,thumb,302,170,
668,image/jpeg,paisaje.jpg,54352,imágen_principal,,8,,,640,287,
669,image/jpeg,paisaje_thumb.jpg,39385,,,,668,thumb,379,170,
670,image/jpeg,lucanor0006_peq.jpg,72476,imágen_principal,,139,,,267,420,
671,image/jpeg,lucanor0006_peq_thumb.jpg,22499,,,,670,thumb,108,170,
672,image/jpeg,lucanor0001_peq.jpg,39528,extra,,139,,,226,420,
673,image/jpeg,lucanor0001_peq_thumb.jpg,14840,,,,672,thumb,91,170,
676,image/jpeg,lucanor0004_peq.jpg,50917,extra,,139,,,269,420,
677,image/jpeg,lucanor0004_peq_thumb.jpg,17224,,,,676,thumb,109,170,
678,image/jpeg,lucanor0002_peq.jpg,37905,extra,,139,,,264,420,
679,image/jpeg,lucanor0002_peq_thumb.jpg,14694,,,,678,thumb,107,170,
680,image/jpeg,escanear0009.jpg,124418,imágen_principal,,140,,,462,400,
681,image/jpeg,escanear0009_thumb.jpg,42525,,,,680,thumb,196,170,
682,image/jpeg,calendario_1.jpg,57192,imágen_principal,,141,,,350,240,
683,image/jpeg,calendario_1_thumb.jpg,48203,,,,682,thumb,248,170,
684,image/jpeg,ajedrez.jpg,43376,imágen_principal,,142,,,422,161,
685,image/jpeg,ajedrez_thumb.jpg,70144,,,,684,thumb,446,170,
686,image/jpeg,OCCHIO_NUVOLA01_PEQ.jpg,61175,imágen_principal,,143,,,248,420,
687,image/jpeg,OCCHIO_NUVOLA01_PEQ_thumb.jpg,19671,,,,686,thumb,100,170,
688,image/jpeg,pi1.jpg,8103,extra,,144,,,300,63,
689,image/jpeg,pi1_thumb.jpg,34786,,,,688,thumb,810,170,
690,image/jpeg,pi2.jpg,6249,extra,,144,,,300,41,
691,image/jpeg,pi2_thumb.jpg,38878,,,,690,thumb,1244,170,
692,image/jpeg,primos2.jpg,70903,imágen_principal,,146,,,420,276,
693,image/jpeg,primos2_thumb.jpg,48931,,,,692,thumb,259,170,
694,image/jpeg,primos1.jpg,25788,extra,,146,,,320,159,
695,image/jpeg,primos1_thumb.jpg,37555,,,,694,thumb,342,170,
696,image/jpeg,pi3.jpg,6821,extra,,144,,,300,53,
697,image/jpeg,pi3_thumb.jpg,24672,,,,696,thumb,962,170,
698,image/jpeg,pi4.jpg,54260,imágen_principal,,144,,,400,207,
699,image/jpeg,pi4_thumb.jpg,57806,,,,698,thumb,329,170,
702,image/jpeg,pi5.jpg,38135,extra,,144,,,265,111,
703,image/jpeg,pi5_thumb.jpg,68789,,,,702,thumb,406,170,
704,image/jpeg,arquimedes.jpg,42884,imágen_principal,,145,,,420,225,
705,image/jpeg,arquimedes_thumb.jpg,43396,,,,704,thumb,317,170,
706,image/jpeg,inifinito1.jpg,51041,imágen_principal,,147,,,400,171,
707,image/jpeg,inifinito1_thumb.jpg,71909,,,,706,thumb,398,170,
708,image/jpeg,infinito2.jpg,23857,extra,,147,,,320,141,
709,image/jpeg,infinito2_thumb.jpg,48107,,,,708,thumb,386,170,
710,image/jpeg,superordenadores.jpg,62600,imágen_principal,,148,,,420,244,
711,image/jpeg,superordenadores_thumb.jpg,53686,,,,710,thumb,293,170,
712,image/jpeg,animales2.jpg,58107,imágen_principal,,149,,,420,277,
713,image/jpeg,animales2_thumb.jpg,40371,,,,712,thumb,258,170,
714,image/jpeg,animales1.jpg,35817,extra,,149,,,350,192,
715,image/jpeg,animales1_thumb.jpg,46492,,,,714,thumb,310,170,
716,image/jpeg,cocina_amadis1.jpg,94318,extra,,140,,,528,400,
717,image/jpeg,cocina_amadis1_thumb.jpg,28092,,,,716,thumb,224,170,
718,image/jpeg,cocina_amadis2.jpg,87010,extra,,140,,,530,400,
719,image/jpeg,cocina_amadis2_thumb.jpg,27719,,,,718,thumb,225,170,
720,image/jpeg,cocina_amadis3.jpg,232539,extra,,140,,,600,557,
721,image/jpeg,cocina_amadis3_thumb.jpg,42879,,,,720,thumb,183,170,
722,image/jpeg,cocina_amadis4.jpg,177055,extra,,140,,,600,515,
723,image/jpeg,cocina_amadis4_thumb.jpg,35576,,,,722,thumb,198,170,
726,image/jpeg,Aldecoa2.jpg,116552,imágen_principal,,7,,,364,400,
727,image/jpeg,Aldecoa2_thumb.jpg,37028,,,,726,thumb,155,170,
732,image/jpeg,pedro.jpg,30083,imágen_principal,,150,,,211,158,
733,image/jpeg,pedro_thumb.jpg,43019,,,,732,thumb,227,170,
738,image/jpeg,relatos_educaci_n.jpg,94476,imágen_principal,,151,,,277,460,
739,image/jpeg,relatos_educaci_n_thumb.jpg,21455,,,,738,thumb,102,170,
740,image/jpeg,mmm_peq.jpg,119855,imágen_principal,,152,,,400,586,
741,image/jpeg,mmm_peq_thumb.jpg,17537,,,,740,thumb,116,170,
744,image/jpeg,hamida_in_s_gonz_lez_peq.jpg,58508,imágen_principal,,153,,,500,373,
745,image/jpeg,hamida_in_s_gonz_lez_peq_thumb.jpg,20690,,,,744,thumb,228,170,
748,image/jpeg,odn_wolkenauge.jpg,69344,imágen_principal,,82,,,347,499,
749,image/jpeg,odn_wolkenauge_thumb.jpg,24923,,,,748,thumb,118,170,
750,image/jpeg,caperucita_cubierta_peq.jpg,152679,imágen_principal,,154,,,258,400,
751,image/jpeg,caperucita_cubierta_peq_thumb.jpg,25617,,,,750,thumb,110,170,
752,image/jpeg,mmm_abc.jpg,42938,imágen_principal,,155,,,263,311,
753,image/jpeg,mmm_abc_thumb.jpg,14504,,,,752,thumb,144,170,
760,image/jpeg,mmm-babelia_peq2.jpg,179266,imágen_principal,,156,,,381,1066,
761,image/jpeg,mmm-babelia_peq2_thumb.jpg,10231,,,,760,thumb,61,170,
762,image/jpeg,mmm-babelia_peq2.jpg,179266,imágen_principal,,157,,,381,1066,
763,image/jpeg,mmm-babelia_peq2_thumb.jpg,10231,,,,762,thumb,61,170,
768,image/jpeg,contactos_poemas_viejos.jpg,59169,imágen_principal,,158,,,350,509,
769,image/jpeg,contactos_poemas_viejos_thumb.jpg,18118,,,,768,thumb,117,170,
770,image/jpeg,contactos_poemas_viejos_2.jpg,67663,extra,,158,,,350,521,
771,image/jpeg,contactos_poemas_viejos_2_thumb.jpg,19357,,,,770,thumb,114,170,
772,image/jpeg,R_J_italiano_peq.jpg,168064,imágen_principal,,160,,,300,426,
773,image/jpeg,R_J_italiano_peq_thumb.jpg,25083,,,,772,thumb,120,170,
776,image/jpeg,mmm_postal1_peq.jpg,102941,imágen_principal,,166,,,275,417,
777,image/jpeg,mmm_postal1_peq_thumb.jpg,18336,,,,776,thumb,112,170,
778,image/jpeg,postal1_peq.jpg,134896,extra,,166,,,814,488,
779,image/jpeg,postal1_peq_thumb.jpg,43554,,,,778,thumb,284,170,
780,image/jpeg,mmm_sobre_2_peq.jpg,177780,imágen_principal,,162,,,250,423,
781,image/jpeg,mmm_sobre_2_peq_thumb.jpg,20182,,,,780,thumb,100,170,
782,image/jpeg,mmm_sello_peq.jpg,113737,imágen_principal,,163,,,350,231,
783,image/jpeg,mmm_sello_peq_thumb.jpg,43509,,,,782,thumb,258,170,
788,image/jpeg,mmm_sobre_1b_peq.jpg,210258,imágen_principal,,165,,,400,355,
789,image/jpeg,mmm_sobre_1b_peq_thumb.jpg,38198,,,,788,thumb,192,170,
790,image/jpeg,Ojo_de_Nube_kor1.jpeg.jpg,185444,imágen_principal,,167,,,300,430,
791,image/jpeg,Ojo_de_Nube_kor1.jpeg_thumb.jpg,24886,,,,790,thumb,119,170,
796,image/jpeg,caperucita_erre_lobo.jpg,68145,imágen_principal,,168,,,350,444,
797,image/jpeg,caperucita_erre_lobo_thumb.jpg,22492,,,,796,thumb,134,170,
798,image/jpeg,caperucita_erre_alex.jpg,115073,extra,,168,,,563,379,
799,image/jpeg,caperucita_erre_alex_thumb.jpg,26966,,,,798,thumb,253,170,
800,image/jpeg,caperucita_erre_abuela.jpg,107122,extra,,168,,,489,379,
801,image/jpeg,caperucita_erre_abuela_thumb.jpg,24031,,,,800,thumb,219,170,
802,image/jpeg,cubierta_Goss.jpg,421807,imágen_principal,,169,,,489,756,
803,image/jpeg,cubierta_Goss_thumb.jpg,23465,,,,802,thumb,110,170,
806,image/jpeg,LuSzhu.jpg,303438,imágen_principal,,170,,,444,641,
807,image/jpeg,LuSzhu_thumb.jpg,22695,,,,806,thumb,118,170,
812,image/jpeg,problema_001.jpg,86333,extra,,171,,,640,312,
813,image/jpeg,problema_001_thumb.jpg,56151,,,,812,thumb,349,170,
814,image/jpeg,problema_002.jpg,95875,extra,,171,,,640,315,
815,image/jpeg,problema_002_thumb.jpg,58435,,,,814,thumb,345,170,
816,image/jpeg,problema_003.jpg,95569,extra,,171,,,639,317,
817,image/jpeg,problema_003_thumb.jpg,47272,,,,816,thumb,343,170,
818,image/jpeg,problema_004.jpg,91315,extra,,171,,,640,314,
819,image/jpeg,problema_004_thumb.jpg,53639,,,,818,thumb,346,170,
822,image/jpeg,problema_006.jpg,125338,extra,,171,,,640,331,
823,image/jpeg,problema_006_thumb.jpg,56038,,,,822,thumb,329,170,
824,image/jpeg,img_acantilado.jpg,44641,imágen_principal,,172,,,300,486,
825,image/jpeg,img_acantilado_thumb.jpg,15394,,,,824,thumb,105,170,
830,image/jpeg,balsareny.jpg,336967,imágen_principal,,173,,,650,455,
831,image/jpeg,balsareny_thumb.jpg,44175,,,,830,thumb,243,170,
832,image/jpeg,mayo2012.jpg,5292,extra,,8,,,120,115,
833,image/jpeg,mayo2012_thumb.jpg,15943,,,,832,thumb,177,170,
840,image/jpeg,postre2.jpg,139487,imágen_principal,,175,,,300,458,
841,image/jpeg,postre2_thumb.jpg,21698,,,,840,thumb,111,170,
842,image/jpeg,postre2.jpg,139487,imágen_principal,,175,,,300,458,
843,image/jpeg,postre2_thumb.jpg,21698,,,,842,thumb,111,170,
844,image/jpeg,oct2011.jpg,5517,extra,,8,,,120,115,
845,image/jpeg,oct2011_thumb.jpg,17120,,,,844,thumb,177,170,
846,image/jpeg,f_peonza.JPG,206757,imágen_principal,,176,,,400,400,
847,image/jpeg,f_peonza_thumb.JPG,33955,,,,846,thumb,170,170,
848,image/jpeg,autofoto.JPG,135058,extra,,176,,,300,300,
849,image/jpeg,autofoto_thumb.JPG,35506,,,,848,thumb,170,170,
852,image/jpeg,tapas3-peq.jpg,119463,extra,,175,,,280,280,
853,image/jpeg,tapas3-peq_thumb.jpg,31590,,,,852,thumb,170,170,
854,image/jpeg,tapas_b.jpg,139241,extra,,175,,,403,516,
855,image/jpeg,tapas_b_thumb.jpg,19261,,,,854,thumb,133,170,
858,image/jpeg,mmm2044.JPG,26474,imágen_principal,,177,,,350,350,
859,image/jpeg,mmm2044_thumb.JPG,20881,,,,858,thumb,170,170,
865,image/jpeg,Publicidad_bubisher_Peonza_v5b.jpg,248140,extra,,137,,,699,1061,
866,image/jpeg,Cub_RitosJaima_peq.jpg,107980,extra,,137,,,400,678,
869,image/jpeg,Los_poemas.jpg,21787,imágen_principal,,180,,,228,372,
870,image/jpeg,Los_poemas_thumb.jpg,21787,,,,869,thumb,104,170,
871,image/jpeg,Tras_el_cristal_cubierta_peq.jpg,101430,imágen_principal,,178,,,400,638,
872,image/jpeg,Tras_el_cristal_cubierta_peq_thumb.jpg,101430,,,,871,thumb,107,170,
875,image/jpeg,ritosdejaima.jpg,74450,imágen_principal,,179,,,400,678,
876,image/jpeg,ritosdejaima_thumb.jpg,74450,,,,875,thumb,100,170,
883,image/jpeg,chico_otras_cosas2.jpg,94956,extra,,181,,,800,279,
884,image/jpeg,chico_otras_cosas2_thumb.jpg,94956,,,,883,thumb,487,170,
935,image/jpeg,chico_factoriales.jpg,125797,extra,,181,,,640,438,
936,image/jpeg,chico_factoriales_thumb.jpg,125797,,,,935,thumb,248,170,
937,image/jpeg,chico_calculadora_bestial.jpg,63728,extra,,181,,,640,267,
938,image/jpeg,chico_calculadora_bestial_thumb.jpg,63728,,,,937,thumb,407,170,
939,image/jpeg,chico_simetrias.jpg,79075,extra,,181,,,640,401,
940,image/jpeg,chico_simetrias_thumb.jpg,79075,,,,939,thumb,271,170,
941,image/jpeg,chico_montanas.jpg,115821,extra,,181,,,640,368,
942,image/jpeg,chico_montanas_thumb.jpg,115821,,,,941,thumb,296,170,
943,image/jpeg,chico_complicado.jpg,119422,extra,,181,,,640,428,
944,image/jpeg,chico_complicado_thumb.jpg,119422,,,,943,thumb,254,170,
945,image/jpeg,chico_1089.jpg,136129,extra,,181,,,640,540,
946,image/jpeg,chico_1089_thumb.jpg,136129,,,,945,thumb,201,170,
947,image/jpeg,chico_sera_verdad.jpg,49563,extra,,181,,,640,193,
948,image/jpeg,chico_sera_verdad_thumb.jpg,49563,,,,947,thumb,564,170,
949,image/jpeg,chico_sellos.jpg,81050,extra,,181,,,640,307,
950,image/jpeg,chico_sellos_thumb.jpg,81050,,,,949,thumb,354,170,
951,image/jpeg,chico_piramide.jpg,62216,extra,,181,,,640,359,
952,image/jpeg,chico_piramide_thumb.jpg,62216,,,,951,thumb,303,170,
955,image/jpeg,chico_dinero_tonto.jpg,67832,extra,,181,,,640,301,
956,image/jpeg,chico_dinero_tonto_thumb.jpg,67832,,,,955,thumb,361,170,
957,image/jpeg,chico_periodos.jpg,264962,extra,,181,,,640,878,
958,image/jpeg,chico_periodos_thumb.jpg,264962,,,,957,thumb,124,170,
959,image/jpeg,chico_chiste_binario.jpg,82909,extra,,181,,,640,333,
960,image/jpeg,chico_chiste_binario_thumb.jpg,82909,,,,959,thumb,327,170,
961,image/jpeg,chico_numeros_amigos.jpg,142726,extra,,181,,,640,431,
962,image/jpeg,chico_numeros_amigos_thumb.jpg,142726,,,,961,thumb,252,170,
963,image/jpeg,chico_capicuas.jpg,132749,extra,,181,,,640,452,
964,image/jpeg,chico_capicuas_thumb.jpg,132749,,,,963,thumb,241,170,
965,image/jpeg,chico_estrellas_pentagonales.jpg,146298,extra,,181,,,640,497,
966,image/jpeg,chico_estrellas_pentagonales_thumb.jpg,146298,,,,965,thumb,219,170,
967,image/jpeg,chico_luna_cocina.jpg,74251,extra,,181,,,640,314,
968,image/jpeg,chico_luna_cocina_thumb.jpg,74251,,,,967,thumb,346,170,
969,image/jpeg,chico_cual_es_mayor.jpg,73928,extra,,181,,,640,296,
970,image/jpeg,chico_cual_es_mayor_thumb.jpg,73928,,,,969,thumb,368,170,
973,image/jpeg,chico-pequeno_grande.jpg,89220,extra,,181,,,640,337,
974,image/jpeg,chico-pequeno_grande_thumb.jpg,89220,,,,973,thumb,323,170,
975,image/jpeg,chico_intrigas.jpg,64952,extra,,181,,,640,344,
976,image/jpeg,chico_intrigas_thumb.jpg,64952,,,,975,thumb,316,170,
977,image/jpeg,chico_cuadrados_orden3.jpg,109834,extra,,181,,,640,373,
978,image/jpeg,chico_cuadrados_orden3_thumb.jpg,109834,,,,977,thumb,292,170,
979,image/jpeg,chico_suelos.jpg,111919,extra,,181,,,640,369,
980,image/jpeg,chico_suelos_thumb.jpg,111919,,,,979,thumb,295,170,
983,image/jpeg,chico_limeriks.jpg,221353,extra,,181,,,640,885,
984,image/jpeg,chico_limeriks_thumb.jpg,221353,,,,983,thumb,123,170,
985,image/jpeg,sept2012.jpg,3287,extra,,8,,,120,115,
986,image/jpeg,sept2012_thumb.jpg,3287,,,,985,thumb,177,170,
989,image/jpeg,Plumapiedad.jpg,34281,extra,,183,,,660,125,
990,image/jpeg,Plumapiedad_thumb.jpg,34281,,,,989,thumb,898,170,
991,image/jpeg,Plumapiedad.jpg,35183,extra,,183,,,660,125,
992,image/jpeg,Plumapiedad_thumb.jpg,35183,,,,991,thumb,898,170,
993,image/jpeg,maniqu__1.jpg,18691,imágen_principal,,184,,,300,400,
994,image/jpeg,maniqu__1_thumb.jpg,18691,,,,993,thumb,128,170,
995,image/jpeg,maniqui2.jpg,31883,imágen_principal,,185,,,300,484,
996,image/jpeg,maniqui2_thumb.jpg,31883,,,,995,thumb,105,170,
997,image/jpeg,Cub_cuentos_crudosga_peq.jpg,66147,imágen_principal,,125,,,450,669,
998,image/jpeg,Cub_cuentos_crudosga_peq_thumb.jpg,66147,,,,997,thumb,114,170,
999,image/jpeg,Perro_semihundido.jpg,83025,extra,,125,,,300,508,
1000,image/jpeg,Perro_semihundido_thumb.jpg,83025,,,,999,thumb,100,170,
1003,image/jpeg,sokheurm_man_con_su_padre_en_enero_de_1996.jpg,92240,extra,,125,,,400,600,
1004,image/jpeg,sokheurm_man_con_su_padre_en_enero_de_1996_thumb.jpg,92240,,,,1003,thumb,113,170,
1005,image/jpeg,sokheurm_man1996_peq.jpg,52686,extra,,125,,,300,450,
1006,image/jpeg,sokheurm_man1996_peq_thumb.jpg,52686,,,,1005,thumb,113,170,
1007,image/jpeg,sokheurm_man_2007.jpg,41284,extra,,125,,,400,269,
1008,image/jpeg,sokheurm_man_2007_thumb.jpg,41284,,,,1007,thumb,253,170,
1009,image/jpeg,ojodenube_wordle.jpg,111544,extra,,183,,,680,425,
1010,image/jpeg,ojodenube_wordle_thumb.jpg,111544,,,,1009,thumb,272,170,
1011,image/jpeg,poetassaharauis.jpg,68198,imágen_principal,,186,,,560,473,
1012,image/jpeg,poetassaharauis_thumb.jpg,68198,,,,1011,thumb,201,170,
1013,image/jpeg,bahia.jpg,32938,extra,,186,,,300,270,
1014,image/jpeg,bahia_thumb.jpg,32938,,,,1013,thumb,189,170,
1015,image/jpeg,sukeina.jpg,24565,extra,,186,,,200,358,
1016,image/jpeg,sukeina_thumb.jpg,24565,,,,1015,thumb,95,170,
1017,image/jpeg,Limam.jpg,27648,extra,,186,,,300,253,
1018,image/jpeg,Limam_thumb.jpg,27648,,,,1017,thumb,202,170,
1019,image/jpeg,Libreta_un_chico_diferente.jpg,15616,extra,,136,,,680,69,
1020,image/jpeg,Libreta_un_chico_diferente_thumb.jpg,15616,,,,1019,thumb,1675,170,
1021,image/jpeg,Libreta_problemitas.jpg,14995,extra,,136,,,680,69,
1022,image/jpeg,Libreta_problemitas_thumb.jpg,14995,,,,1021,thumb,1675,170,
1023,image/jpeg,Libreta_textos_matematicos.jpg,16070,extra,,136,,,680,69,
1024,image/jpeg,Libreta_textos_matematicos_thumb.jpg,16070,,,,1023,thumb,1675,170,
1025,image/jpeg,Libreta_conferencias.jpg,15150,extra,,136,,,680,69,
1026,image/jpeg,Libreta_conferencias_thumb.jpg,15150,,,,1025,thumb,1675,170,
1031,image/jpeg,Separador_cuentos2.jpg,39093,imágen_principal,,138,,,660,153,
1032,image/jpeg,Separador_cuentos2_thumb.jpg,39093,,,,1031,thumb,733,170,
1033,image/jpeg,Separador_fragmentos2.jpg,45753,extra,,138,,,660,153,
1034,image/jpeg,Separador_fragmentos2_thumb.jpg,45753,,,,1033,thumb,733,170,
1035,image/jpeg,espino.jpg,24897,imágen_principal,,54,,,400,294,
1036,image/jpeg,espino_thumb.jpg,24897,,,,1035,thumb,231,170,
1037,image/jpeg,leccion.JPG,108083,imágen_principal,,187,,,660,404,
1038,image/jpeg,leccion_thumb.JPG,108083,,,,1037,thumb,278,170,
1041,image/jpeg,sol.JPG,17577,imágen_principal,,188,,,240,388,
1042,image/jpeg,sol_thumb.JPG,17577,,,,1041,thumb,105,170,
1043,image/jpeg,escanear0002bpeq.jpg,83942,extra,,136,,,640,389,
1044,image/jpeg,escanear0002bpeq_thumb.jpg,83942,,,,1043,thumb,280,170,
1045,image/jpeg,escanear0006bpeq.jpg,64543,extra,,136,,,640,386,
1046,image/jpeg,escanear0006bpeq_thumb.jpg,64543,,,,1045,thumb,282,170,
1049,image/jpeg,escanear0002cpeq.jpg,70368,extra,,171,,,640,379,
1050,image/jpeg,escanear0002cpeq_thumb.jpg,70368,,,,1049,thumb,287,170,
1051,image/jpeg,escanear0001bpeq.jpg,71901,extra,,171,,,640,390,
1052,image/jpeg,escanear0001bpeq_thumb.jpg,71901,,,,1051,thumb,279,170,
1053,image/jpeg,escanear0003bpeq.jpg,88489,extra,,171,,,640,382,
1054,image/jpeg,escanear0003bpeq_thumb.jpg,88489,,,,1053,thumb,285,170,
1055,image/jpeg,escanear0003cpeq.jpg,90735,extra,,171,,,640,370,
1056,image/jpeg,escanear0003cpeq_thumb.jpg,90735,,,,1055,thumb,294,170,
1057,image/jpeg,escanear0004bpeq.jpg,80967,extra,,171,,,640,369,
1058,image/jpeg,escanear0004bpeq_thumb.jpg,80967,,,,1057,thumb,295,170,
1059,image/jpeg,escanear0004cpeq.jpg,59202,extra,,171,,,640,376,
1060,image/jpeg,escanear0004cpeq_thumb.jpg,59202,,,,1059,thumb,289,170,
1061,image/jpeg,escanear0005bpeq.jpg,85931,extra,,171,,,640,385,
1062,image/jpeg,escanear0005bpeq_thumb.jpg,85931,,,,1061,thumb,283,170,
1063,image/jpeg,escanear0005cpeq.jpg,75678,extra,,171,,,640,388,
1064,image/jpeg,escanear0005cpeq_thumb.jpg,75678,,,,1063,thumb,280,170,
1065,image/jpeg,escanear0006cpeq.jpg,58605,extra,,171,,,640,387,
1066,image/jpeg,escanear0006cpeq_thumb.jpg,58605,,,,1065,thumb,281,170,
1067,image/jpeg,escanear0007bpeq.jpg,51501,extra,,171,,,640,386,
1068,image/jpeg,escanear0007bpeq_thumb.jpg,51501,,,,1067,thumb,282,170,
1069,image/jpeg,escanear0007cpeq.jpg,88717,extra,,171,,,640,394,
1070,image/jpeg,escanear0007cpeq_thumb.jpg,88717,,,,1069,thumb,276,170,
1071,image/jpeg,escanear0008bpeq.jpg,64758,extra,,171,,,640,381,
1072,image/jpeg,escanear0008bpeq_thumb.jpg,64758,,,,1071,thumb,286,170,
1073,image/jpeg,escanear0008cpeq.jpg,60578,extra,,171,,,640,380,
1074,image/jpeg,escanear0008cpeq_thumb.jpg,60578,,,,1073,thumb,286,170,
1075,image/jpeg,escanear0009bpeq.jpg,70879,extra,,171,,,640,383,
1076,image/jpeg,escanear0009bpeq_thumb.jpg,70879,,,,1075,thumb,284,170,
1077,image/jpeg,escanear0009cpeq.jpg,79984,extra,,171,,,640,388,
1078,image/jpeg,escanear0009cpeq_thumb.jpg,79984,,,,1077,thumb,280,170,
1079,image/jpeg,escanear0010bpeq.jpg,53000,extra,,171,,,640,375,
1080,image/jpeg,escanear0010bpeq_thumb.jpg,53000,,,,1079,thumb,290,170,
1081,image/jpeg,escanear0010cpeq.jpg,78194,extra,,171,,,640,384,
1082,image/jpeg,escanear0010cpeq_thumb.jpg,78194,,,,1081,thumb,283,170,
1083,image/jpeg,escanear0011bpeq.jpg,64391,extra,,171,,,640,384,
1084,image/jpeg,escanear0011bpeq_thumb.jpg,64391,,,,1083,thumb,283,170,
1085,image/jpeg,escanear0011cpeq.jpg,91458,extra,,171,,,640,390,
1086,image/jpeg,escanear0011cpeq_thumb.jpg,91458,,,,1085,thumb,279,170,
1087,image/jpeg,escanear0012bpeq.jpg,66423,extra,,171,,,640,379,
1088,image/jpeg,escanear0012bpeq_thumb.jpg,66423,,,,1087,thumb,287,170,
1089,image/jpeg,escanear0012cpeq.jpg,60290,extra,,171,,,640,393,
1090,image/jpeg,escanear0012cpeq_thumb.jpg,60290,,,,1089,thumb,277,170,
1091,image/jpeg,escanear0013bpeq.jpg,78709,extra,,171,,,640,384,
1092,image/jpeg,escanear0013bpeq_thumb.jpg,78709,,,,1091,thumb,283,170,
1093,image/jpeg,escanear0013cpeq.jpg,70154,extra,,171,,,640,381,
1094,image/jpeg,escanear0013cpeq_thumb.jpg,70154,,,,1093,thumb,286,170,
1095,image/jpeg,escanear0014bpeq.jpg,88875,extra,,171,,,640,382,
1096,image/jpeg,escanear0014bpeq_thumb.jpg,88875,,,,1095,thumb,285,170,
1097,image/jpeg,escanear0014cpeq.jpg,82118,extra,,171,,,640,389,
1098,image/jpeg,escanear0014cpeq_thumb.jpg,82118,,,,1097,thumb,280,170,
1099,image/jpeg,escanear0015bpeq.jpg,82734,extra,,171,,,640,385,
1100,image/jpeg,escanear0015bpeq_thumb.jpg,82734,,,,1099,thumb,283,170,
1101,image/jpeg,escanear0015cpeq.jpg,99448,extra,,171,,,640,391,
1102,image/jpeg,escanear0015cpeq_thumb.jpg,99448,,,,1101,thumb,278,170,
1103,image/jpeg,escanear0016bpeq.jpg,73790,extra,,171,,,640,378,
1104,image/jpeg,escanear0016bpeq_thumb.jpg,73790,,,,1103,thumb,288,170,
1105,image/jpeg,escanear0016cpeq.jpg,69151,extra,,171,,,640,383,
1106,image/jpeg,escanear0016cpeq_thumb.jpg,69151,,,,1105,thumb,284,170,
1107,image/jpeg,problema_005.jpg,83629,extra,,171,,,640,317,
1108,image/jpeg,problema_005_thumb.jpg,83629,,,,1107,thumb,343,170,
1109,image/jpeg,fotoparabio.jpg,76590,extra,,6,,,680,439,
1110,image/jpeg,fotoparabio_thumb.jpg,76590,,,,1109,thumb,263,170,
1113,image/jpeg,luna2.jpg,44378,extra,,138,,,200,789,
1114,image/jpeg,luna2_thumb.jpg,44378,,,,1113,thumb,43,170,
1115,image/jpeg,websahara3b.jpg,57586,extra,,179,,,660,323,
1116,image/jpeg,websahara3b_thumb.jpg,57586,,,,1115,thumb,347,170,
1117,image/jpeg,web_sahara2b.jpg,59554,extra,,179,,,660,476,
1118,image/jpeg,web_sahara2b_thumb.jpg,59554,,,,1117,thumb,236,170,
1119,image/jpeg,caperucitaerre.jpg,159736,extra,,154,,,660,305,
1120,image/jpeg,caperucitaerre_thumb.jpg,159736,,,,1119,thumb,368,170,
1121,image/jpeg,lunula.jpg,104539,extra,,181,,,640,440,
1122,image/jpeg,lunula_thumb.jpg,104539,,,,1121,thumb,247,170,
1123,image/jpeg,metro.jpg,104925,extra,,181,,,640,378,
1124,image/jpeg,metro_thumb.jpg,104925,,,,1123,thumb,288,170,
1125,image/jpeg,2525.jpg,52792,extra,,181,,,640,182,
1126,image/jpeg,2525_thumb.jpg,52792,,,,1125,thumb,598,170,
1127,image/jpeg,senora_fibonacci.jpg,123651,extra,,181,,,640,471,
1128,image/jpeg,senora_fibonacci_thumb.jpg,123651,,,,1127,thumb,231,170,
1129,image/jpeg,rectangulos.jpg,109846,extra,,181,,,640,441,
1130,image/jpeg,rectangulos_thumb.jpg,109846,,,,1129,thumb,247,170,
1131,image/jpeg,primoono.jpg,127626,extra,,181,,,640,402,
1132,image/jpeg,primoono_thumb.jpg,127626,,,,1131,thumb,271,170,
1133,image/jpeg,delibros.jpg,58011,extra,,181,,,640,261,
1134,image/jpeg,delibros_thumb.jpg,58011,,,,1133,thumb,417,170,
1135,image/jpeg,chico_poligonosymas.jpg,132086,extra,,181,,,640,592,
1136,image/jpeg,chico_poligonosymas_thumb.jpg,132086,,,,1135,thumb,184,170,
1137,image/jpeg,desierto.jpg,46032,imágen_principal,,190,,,660,378,
1138,image/jpeg,desierto_thumb.jpg,46032,,,,1137,thumb,297,170,
1141,image/jpeg,web_leyendo2c.jpg,32626,extra,,138,,,400,251,
1142,image/jpeg,web_leyendo2c_thumb.jpg,32626,,,,1141,thumb,271,170,
1143,image/jpeg,mmm_fondo.jpg,96892,extra,,189,,,660,386,
1144,image/jpeg,mmm_fondo_thumb.jpg,96892,,,,1143,thumb,291,170,
1147,image/jpeg,noloentiendo.jpg,72815,imágen_principal,,118,,,350,350,
1148,image/jpeg,noloentiendo_thumb.jpg,72815,,,,1147,thumb,170,170,
1155,image/jpeg,chico_3333dos.jpg,123419,extra,,24,,,650,573,
1156,image/jpeg,chico_3333dos_thumb.jpg,123419,,,,1155,thumb,193,170,
1157,image/jpeg,IMG_2879.JPG,29862,extra,,191,,,300,300,
1158,image/jpeg,IMG_2879_thumb.JPG,29862,,,,1157,thumb,170,170,
1159,image/jpeg,IMG_2877.JPG,53044,extra,,191,,,300,300,
1160,image/jpeg,IMG_2877_thumb.JPG,53044,,,,1159,thumb,170,170,
1161,image/jpeg,IMG_2874.JPG,30919,extra,,191,,,300,300,
1162,image/jpeg,IMG_2874_thumb.JPG,30919,,,,1161,thumb,170,170,
1163,image/jpeg,IMG_2878.JPG,41308,extra,,191,,,300,300,
1164,image/jpeg,IMG_2878_thumb.JPG,41308,,,,1163,thumb,170,170,
1165,image/jpeg,IMG_2418.JPG,153266,imágen_principal,,6,,,500,500,
1166,image/jpeg,IMG_2418_thumb.JPG,153266,,,,1165,thumb,170,170,
1167,image/jpeg,3333elisabet.JPG,39007,imágen_principal,,192,,,300,300,
1168,image/jpeg,3333elisabet_thumb.JPG,39007,,,,1167,thumb,170,170,
1169,image/jpeg,3333eva.JPG,24567,extra,,32,,,210,210,
1170,image/jpeg,3333eva_thumb.JPG,24567,,,,1169,thumb,170,170,
1171,image/jpeg,Cubierta_chico_peq.jpg,147135,imágen_principal,,181,,,450,693,
1172,image/jpeg,Cubierta_chico_peq_thumb.jpg,147135,,,,1171,thumb,110,170,
1173,image/jpeg,103211_CubTD_Juegos_web.jpg,146913,imágen_principal,,193,,,440,685,
1174,image/jpeg,103211_CubTD_Juegos_web_thumb.jpg,146913,,,,1173,thumb,109,170,
1175,image/jpeg,owl.jpg,31364,extra,,5,,,475,393,
1177,image/png,jij_gemma.png,232118,extra,,196,,,420,328,
1179,image/jpeg,jij_fragmento.jpg,91749,imágen_principal,,196,,,463,774,
1182,image/jpeg,mmm-fragmento.jpg,132565,imágen_principal,,197,,,600,715,
